{
  "score": {
    "left_frac": 0.08333333333333333,
    "top_frac": 0.10489510489510489,
    "width_frac": 0.041666666666666664,
    "height_frac": 0.03146853146853147
  },
  "wind": {
    "left_frac": 0.5625,
    "top_frac": 0.2514367816091954,
    "width_frac": 0.1015625,
    "height_frac": 0.06465517241379311
  }
}