{
  "score": {
    "left_frac": 0.041666666666666664,
    "top_frac": 0.10139860139860139,
    "width_frac": 0.022916666666666665,
    "height_frac": 0.024475524475524476
  },
  "lives": {
    "left_frac": 0.86484375,
    "top_frac": 0.28304597701149425,
    "width_frac": 0.1078125,
    "height_frac": 0.03017241379310345
  }
}