{
  "bar": {
    "left_frac": 0.07916666666666666,
    "top_frac": 0.21153846153846154,
    "width_frac": 0.23125,
    "height_frac": 0.03146853146853147
  },
  "button": {
    "left_frac": 0.3229166666666667,
    "top_frac": 0.21153846153846154,
    "width_frac": 0.051041666666666666,
    "height_frac": 0.04195804195804196
  },
  "leaf": {
    "left_frac": 0.078125,
    "top_frac": 0.17832167832167833,
    "width_frac": 0.23125,
    "height_frac": 0.033216783216783216
  }
}